"The redemption request is empty. Please contact the shop.","De aanvraag voor het inwisselen is leeg. Neem contact op met de winkel."
"The redemption request is invalid. Please contact the shop.","De aanvraag voor het inwisselen is ongeldig. Neem contact op met de winkel."
"Your loyalty profile could not be identified. Please contact the shop.","Je loyaltyprofiel kon niet worden herkend. Neem contact op met de winkel."
"This reward has an invalid product code. Please contact the shop.","Deze beloning heeft een ongeldige productcode. Neem contact op met de winkel."
"This reward could not be found in the loyalty shop.","Deze beloning is niet gevonden in de loyaltyshop."
"The requested reward quantity is invalid.","Het aangevraagde aantal beloningen is ongeldig."
"This reward is not available in the loyalty shop.","Deze beloning is niet beschikbaar in de loyaltyshop."
"This discount reward cannot be redeemed through this action.","Deze kortingsbeloning kan niet via deze actie worden ingewisseld."
"Your loyalty tier is not high enough to redeem this reward.","Je loyaltyniveau is niet hoog genoeg om deze beloning in te wisselen."
"You do not have enough available coins to redeem this reward.","Je hebt niet genoeg beschikbare munten om deze beloning in te wisselen."
"You have reached the maximum number of loyalty rewards in your cart.","Je hebt het maximale aantal loyaltybeloningen in je winkelwagen bereikt."
"This reward would exceed your coin spending limit.","Met deze beloning overschrijd je de bestedingslimiet voor munten."
